<ImportExportXml xmlns:xsi="http://www.w3.org/2001/XMLSchema-instance">
  <Entities></Entities>
  <Roles></Roles>
  <Workflows></Workflows>
  <FieldSecurityProfiles></FieldSecurityProfiles>
  <Templates />
  <EntityMaps />
  <EntityRelationships />
  <OrganizationSettings />
  <optionsets />
  <Dashboards>
    <Dashboard>
      <LocalizedNames>
        <LocalizedName description="CRM Calender" languagecode="1033" />
      </LocalizedNames>
      <FormId>{cd6039bf-1c5b-e711-8118-c4346bdd8041}</FormId>
      <IsCustomizable>1</IsCustomizable>
      <IsDefault>0</IsDefault>
      <FormXml>
        <forms type="dashboard">
          <form>
            <tabs>
              <tab showlabel="false" verticallayout="true" id="{3345237f-0269-460f-a496-3ee8c21125ef}">
                <labels>
                  <label description="Tab" languagecode="1033" />
                </labels>
                <columns>
                  <column width="100%">
                    <sections>
                      <section showlabel="false" showbar="false" columns="1111" id="{1ac1bcb8-7abc-490f-9c08-93c8b176861a}">
                        <labels>
                          <label description="Section" languagecode="1033" />
                        </labels>
                        <rows>
                          <row>
                            <cell colspan="4" rowspan="21" showlabel="false" id="{f78eb1c7-8a3d-48c7-a63f-20bbf9aad6a2}">
                              <labels>
                                <label description="CRM Calender" languagecode="1033" />
                              </labels>
                              <control id="WebResource_Componentfb68b10" classid="{9FDF5F91-88B1-47f4-AD53-C11EFC01A01D}">
                                <parameters>
                                  <Url>sav_/WS/basicviews.html</Url>
                                  <PassParameters>false</PassParameters>
                                  <ShowOnMobileClient>false</ShowOnMobileClient>
                                  <Security>false</Security>
                                  <Scrolling>auto</Scrolling>
                                  <Border>true</Border>
                                  <WebResourceId>{300B4FCB-165B-E711-8118-C4346BDD8041}</WebResourceId>
                                </parameters>
                              </control>
                            </cell>
                          </row>
                          <row />
                          <row />
                          <row />
                          <row />
                          <row />
                          <row />
                          <row />
                          <row />
                          <row />
                          <row />
                          <row />
                          <row />
                          <row />
                          <row />
                          <row />
                          <row />
                          <row />
                          <row />
                          <row />
                          <row />
                        </rows>
                      </section>
                    </sections>
                  </column>
                </columns>
              </tab>
            </tabs>
          </form>
        </forms>
      </FormXml>
      <IntroducedVersion>1.0.0.0</IntroducedVersion>
      <IsTabletEnabled>0</IsTabletEnabled>
    </Dashboard>
  </Dashboards>
  <WebResources>
    <WebResource>
      <WebResourceId>{807342c7-c64e-e811-a952-000d3a18bab7}</WebResourceId>
      <Name>sav_/script/fetchutil.js</Name>
      <DisplayName>/script/fetchutil.js</DisplayName>
      <WebResourceType>3</WebResourceType>
      <IntroducedVersion>1.0.0.0</IntroducedVersion>
      <IsEnabledForMobileClient>0</IsEnabledForMobileClient>
      <IsAvailableForMobileOffline>0</IsAvailableForMobileOffline>
      <DependencyXml>&lt;Dependencies&gt;&lt;Dependency componentType="WebResource"/&gt;&lt;/Dependencies&gt;</DependencyXml>
      <IsCustomizable>1</IsCustomizable>
      <CanBeDeleted>1</CanBeDeleted>
      <IsHidden>0</IsHidden>
      <FileName>/WebResources/sav_scriptfetchutiljs807342C7-C64E-E811-A952-000D3A18BAB7</FileName>
    </WebResource>
    <WebResource>
      <WebResourceId>{4b5d6891-165b-e711-8118-c4346bdd8041}</WebResourceId>
      <Name>sav_/WS/fullcalendar.css</Name>
      <DisplayName>/WS/fullcalendar.css</DisplayName>
      <WebResourceType>2</WebResourceType>
      <IntroducedVersion>1.0.0.0</IntroducedVersion>
      <IsEnabledForMobileClient>0</IsEnabledForMobileClient>
      <IsAvailableForMobileOffline>0</IsAvailableForMobileOffline>
      <DependencyXml>&lt;Dependencies&gt;&lt;Dependency componentType="WebResource"/&gt;&lt;/Dependencies&gt;</DependencyXml>
      <IsCustomizable>1</IsCustomizable>
      <CanBeDeleted>1</CanBeDeleted>
      <IsHidden>0</IsHidden>
      <FileName>/WebResources/sav_WSfullcalendarcss4B5D6891-165B-E711-8118-C4346BDD8041</FileName>
    </WebResource>
    <WebResource>
      <WebResourceId>{5455bba7-165b-e711-8118-c4346bdd8041}</WebResourceId>
      <Name>sav_/WS/fullcalendar.print.css</Name>
      <DisplayName>/WS/fullcalendar.print.css</DisplayName>
      <WebResourceType>2</WebResourceType>
      <IntroducedVersion>1.0.0.0</IntroducedVersion>
      <IsEnabledForMobileClient>0</IsEnabledForMobileClient>
      <IsAvailableForMobileOffline>0</IsAvailableForMobileOffline>
      <DependencyXml>&lt;Dependencies&gt;&lt;Dependency componentType="WebResource"/&gt;&lt;/Dependencies&gt;</DependencyXml>
      <IsCustomizable>1</IsCustomizable>
      <CanBeDeleted>1</CanBeDeleted>
      <IsHidden>0</IsHidden>
      <FileName>/WebResources/sav_WSfullcalendarprintcss5455BBA7-165B-E711-8118-C4346BDD8041</FileName>
    </WebResource>
    <WebResource>
      <WebResourceId>{300b4fcb-165b-e711-8118-c4346bdd8041}</WebResourceId>
      <Name>sav_/WS/basicviews.html</Name>
      <DisplayName>/WS/basicviews.html</DisplayName>
      <WebResourceType>1</WebResourceType>
      <IntroducedVersion>1.0.0.0</IntroducedVersion>
      <IsEnabledForMobileClient>1</IsEnabledForMobileClient>
      <IsAvailableForMobileOffline>0</IsAvailableForMobileOffline>
      <DependencyXml>&lt;Dependencies&gt;&lt;Dependency componentType="WebResource"/&gt;&lt;/Dependencies&gt;</DependencyXml>
      <IsCustomizable>1</IsCustomizable>
      <CanBeDeleted>1</CanBeDeleted>
      <IsHidden>0</IsHidden>
      <FileName>/WebResources/sav_WSbasicviewshtml300B4FCB-165B-E711-8118-C4346BDD8041</FileName>
    </WebResource>
    <WebResource>
      <WebResourceId>{81764cde-165b-e711-8118-c4346bdd8041}</WebResourceId>
      <Name>sav_/script/moment.min.js</Name>
      <DisplayName>/script/moment.min.js</DisplayName>
      <WebResourceType>3</WebResourceType>
      <IntroducedVersion>1.0.0.0</IntroducedVersion>
      <IsEnabledForMobileClient>0</IsEnabledForMobileClient>
      <IsAvailableForMobileOffline>0</IsAvailableForMobileOffline>
      <DependencyXml>&lt;Dependencies&gt;&lt;Dependency componentType="WebResource"/&gt;&lt;/Dependencies&gt;</DependencyXml>
      <IsCustomizable>1</IsCustomizable>
      <CanBeDeleted>1</CanBeDeleted>
      <IsHidden>0</IsHidden>
      <FileName>/WebResources/sav_scriptmomentminjs81764CDE-165B-E711-8118-C4346BDD8041</FileName>
    </WebResource>
    <WebResource>
      <WebResourceId>{d0e265ef-165b-e711-8118-c4346bdd8041}</WebResourceId>
      <Name>sav_/script/jquery.min.js</Name>
      <DisplayName>/script/jquery.min.js</DisplayName>
      <WebResourceType>3</WebResourceType>
      <IntroducedVersion>1.0.0.0</IntroducedVersion>
      <IsEnabledForMobileClient>0</IsEnabledForMobileClient>
      <IsAvailableForMobileOffline>0</IsAvailableForMobileOffline>
      <DependencyXml>&lt;Dependencies&gt;&lt;Dependency componentType="WebResource"/&gt;&lt;/Dependencies&gt;</DependencyXml>
      <IsCustomizable>1</IsCustomizable>
      <CanBeDeleted>1</CanBeDeleted>
      <IsHidden>0</IsHidden>
      <FileName>/WebResources/sav_scriptjqueryminjsD0E265EF-165B-E711-8118-C4346BDD8041</FileName>
    </WebResource>
    <WebResource>
      <WebResourceId>{25493ef6-165b-e711-8118-c4346bdd8041}</WebResourceId>
      <Name>sav_/script/fullcalendar.js</Name>
      <DisplayName>/script/fullcalendar.js</DisplayName>
      <WebResourceType>3</WebResourceType>
      <IntroducedVersion>1.0.0.0</IntroducedVersion>
      <IsEnabledForMobileClient>0</IsEnabledForMobileClient>
      <IsAvailableForMobileOffline>0</IsAvailableForMobileOffline>
      <DependencyXml>&lt;Dependencies&gt;&lt;Dependency componentType="WebResource"/&gt;&lt;/Dependencies&gt;</DependencyXml>
      <IsCustomizable>1</IsCustomizable>
      <CanBeDeleted>1</CanBeDeleted>
      <IsHidden>0</IsHidden>
      <FileName>/WebResources/sav_scriptfullcalendarjs25493EF6-165B-E711-8118-C4346BDD8041</FileName>
    </WebResource>
    <WebResource>
      <WebResourceId>{e794deba-1b5b-e711-8118-c4346bdd8041}</WebResourceId>
      <Name>sav_/script/crmCalender.js</Name>
      <DisplayName>/script/crmCalender.js</DisplayName>
      <WebResourceType>3</WebResourceType>
      <IntroducedVersion>1.0.0.0</IntroducedVersion>
      <IsEnabledForMobileClient>0</IsEnabledForMobileClient>
      <IsAvailableForMobileOffline>0</IsAvailableForMobileOffline>
      <DependencyXml>&lt;Dependencies&gt;&lt;Dependency componentType="WebResource"/&gt;&lt;/Dependencies&gt;</DependencyXml>
      <IsCustomizable>1</IsCustomizable>
      <CanBeDeleted>1</CanBeDeleted>
      <IsHidden>0</IsHidden>
      <FileName>/WebResources/sav_scriptcrmCalenderjsE794DEBA-1B5B-E711-8118-C4346BDD8041</FileName>
    </WebResource>
  </WebResources>
  <CustomControls />
  <EntityDataProviders />
  <Languages>
    <Language>1033</Language>
  </Languages>
</ImportExportXml>